<?xml version="1.0" encoding="UTF-8"?>
<project-private xmlns="http://www.netbeans.org/ns/project-private/1">
    <editor-bookmarks xmlns="http://www.netbeans.org/ns/editor-bookmarks/2" lastBookmarkId="0"/>
    <open-files xmlns="http://www.netbeans.org/ns/projectui-open-files/2">
        <group>
            <file>file:/C:/Users/Wildany%20Y%20Firdaus/Documents/NetBeansProjects/testcode/src/testcode/Testcode.java</file>
            <file>file:/C:/Users/Wildany%20Y%20Firdaus/Documents/NetBeansProjects/testcode/src/controller/JavaApplication.java</file>
            <file>file:/C:/Users/Wildany%20Y%20Firdaus/Documents/NetBeansProjects/testcode/src/testcode/tampilan.java</file>
        </group>
    </open-files>
</project-private>
